id,name
1755,七台河职业学院
1549,三亚中瑞酒店管理职业学院
1517,三亚学院
325,三峡大学
1377,三峡大学科技学院
694,三明学院
1519,三江学院
1565,三门峡社会管理职业学院
1696,三门峡职业技术学院
213,上海中医药大学
13,上海交通大学
14,上海交通大学医学院
370,上海体育学院
1690,上海体育职业学院
960,上海健康医学院
909,上海公安学院
1061,上海兴伟学院
643,上海商学院
99,上海外国语大学
1007,上海外国语大学贤达经济人文学院
82,上海大学
347,上海对外经贸大学
383,上海工程技术大学
176,上海师范大学
1066,上海师范大学天华学院
527,上海应用技术大学
1070,上海建桥学院
1709,上海思博职业技术学院
135,上海戏剧学院
552,上海政法学院
1080,上海杉达学院
304,上海海事大学
676,上海海关学院
308,上海海洋大学
149,上海理工大学
483,上海电力大学
578,上海电机学院
181,上海科技大学
535,上海立信会计金融学院
609,上海第二工业大学
153,上海纽约大学
826,上海视觉艺术学院
90,上海财经大学
1503,上海财经大学浙江学院
672,上海金融学院
212,上海音乐学院
820,上饶师范学院
205,东北农业大学
44,东北大学
45,东北大学秦皇岛分校
56,东北师范大学
1123,东北师范大学人文学院
156,东北林业大学
279,东北电力大学
321,东北石油大学
322,东北石油大学秦皇岛分校
172,东北财经大学
101,东华大学
401,东华理工大学
1096,东华理工大学长江学院
37,东南大学
38,东南大学医学院
1206,东南大学成贤学院
1331,东莞城市学院
336,东莞理工学院
1332,东莞理工学院城市学院
1940,东莞职业技术学院
1881,东营职业学院
284,中北大学
1271,中北大学信息商务学院
686,中华女子学院
29,中南大学
349,中南林业科技大学
1257,中南林业科技大学涉外学院
270,中南民族大学
105,中南财经政法大学
498,中原工学院
674,中原工学院中原彼得堡航空学院
1341,中原工学院信息商务学院
1404,中原科技学院
103,中国人民公安大学
11,中国人民大学
12,中国人民大学(苏州校区)
940,中国人民武装警察部队后勤学院
288,中国人民武装警察部队工程大学
1055,中国人民武装警察部队指挥学院
441,中国人民武装警察部队特种警察学院
941,中国人民武装警察部队警官学院
69,中国人民解放军信息工程大学
923,中国人民解放军军事交通学院
924,中国人民解放军军械工程学院
935,中国人民解放军南京政治学院
934,中国人民解放军南京陆军指挥学院
933,中国人民解放军南昌陆军学院
922,中国人民解放军后勤工程学院
920,中国人民解放军国防大学军事文化学院
18,中国人民解放军国防科技大学
1035,中国人民解放军国防科技大学信息通信学院
1048,中国人民解放军国际关系学院
428,中国人民解放军外国语学院
430,中国人民解放军战略支援部队信息工程大学
429,中国人民解放军战略支援部队航天工程大学
1047,中国人民解放军桂林空军学院
118,中国人民解放军海军军医大学
1049,中国人民解放军海军大连舰艇学院
128,中国人民解放军海军工程大学
378,中国人民解放军海军潜艇学院
921,中国人民解放军海军航空大学
208,中国人民解放军火箭军工程大学
126,中国人民解放军理工大学
1046,中国人民解放军电子工程学院
936,中国人民解放军石家庄陆军指挥学院
121,中国人民解放军空军军医大学
1050,中国人民解放军空军哈尔滨飞行学院
175,中国人民解放军空军工程大学
925,中国人民解放军空军工程大学航空机务士官学校
929,中国人民解放军空军指挥学院
926,中国人民解放军空军石家庄飞行学院
287,中国人民解放军空军航空大学
927,中国人民解放军空军西安飞行学院
928,中国人民解放军空军预警学院
939,中国人民解放军装甲兵技术学院
937,中国人民解放军西安通信学院
938,中国人民解放军重庆通信学院
1054,中国人民解放军镇江船艇学院
471,中国人民解放军陆军军事交通学院
114,中国人民解放军陆军军医大学
932,中国人民解放军陆军军官学院
341,中国人民解放军陆军勤务学院
931,中国人民解放军陆军步兵学院
1053,中国人民解放军陆军炮兵防空兵学院
458,中国人民解放军陆军特种作战学院
1052,中国人民解放军陆军航空兵学院
427,中国人民解放军陆军装甲兵学院
930,中国人民解放军陆军边海防学院
1051,中国人民解放军陆军防化学院
545,中国人民警察大学
100,中国传媒大学
1057,中国传媒大学南广学院
52,中国农业大学
459,中国刑事警察学院
741,中国劳动关系学院
246,中国医科大学
224,中国地质大学(北京)
88,中国地质大学(武汉)
193,中国戏曲学院
97,中国政法大学
627,中国民用航空飞行学院
400,中国民航大学
76,中国海洋大学
1036,中国消防救援学院
182,中国石油大学(北京)
183,中国石油大学(北京)克拉玛依分校
184,中国石油大学(北京)克拉玛依校区
136,中国石油大学(华东)
1210,中国石油大学胜利学院
79,中国矿业大学
292,中国矿业大学(北京)
80,中国矿业大学(徐州)
1115,中国矿业大学徐海学院
1284,中国矿业大学银川学院
24,中国社会科学院大学
28,中国科学技术大学
16,中国科学院大学
150,中国美术学院
200,中国药科大学
282,中国计量大学
1151,中国计量大学现代科技学院
543,中国青年政治学院
123,中国音乐学院
472,中央司法警官学院
115,中央戏剧学院
129,中央民族大学
141,中央美术学院
154,中央财经大学
104,中央音乐学院
19,中山大学
1384,中山大学南方学院
1291,中山大学新华学院
1686,中山火炬职业技术学院
1741,中山职业技术学院
523,临沂大学
1611,临沂职业学院
538,丽水学院
1974,丽水职业技术学院
1782,丽江师范高等专科学校
1082,丽江文化旅游学院
1961,乌兰察布职业学院
1793,乌海职业技术学院
1859,乌鲁木齐职业大学
616,乐山师范学院
649,九江学院
1628,九江职业技术学院
664,云南中医药大学
1717,云南交通职业技术学院
291,云南农业大学
1397,云南农业大学热带作物学院
93,云南大学
1083,云南大学旅游文化学院
1179,云南大学滇池学院
1345,云南工商学院
250,云南师范大学
1250,云南师范大学商学院
1326,云南师范大学文理学院
266,云南民族大学
777,云南民族大学应用技术学院
1831,云南现代职业技术学院
1454,云南经济管理学院
1839,云南能源职业技术学院
530,云南艺术学院
1399,云南艺术学院文华学院
753,云南警官学院
406,云南财经大学
567,五邑大学
584,井冈山大学
985,亳州学院
1926,仙桃职业学院
1490,仰恩大学
699,仲恺农业工程学院
1975,伊春职业学院
794,伊犁师范大学
603,佛山科学技术学院
503,佳木斯大学
755,保定学院
1727,保定幼儿师范高等专科学校
1814,保定电力职业技术学院
1922,保定职业技术学院
947,保山学院
68,信息工程大学
822,信阳农林学院
1416,信阳学院
507,信阳师范学院
1716,信阳职业技术学院
1992,六安职业技术学院
950,六盘水师范学院
283,兰州交通大学
1245,兰州交通大学博文学院
1255,兰州信息科技学院
1244,兰州博文科技学院
815,兰州城市学院
51,兰州大学
847,兰州工业学院
1184,兰州工商学院
816,兰州文理学院
316,兰州理工大学
1254,兰州理工大学技术工程学院
1381,兰州石化职业技术大学
1599,兰州石化职业技术学院
1705,兰州职业技术学院
588,兰州财经大学
1431,兰州财经大学长青学院
1183,兰州财经大学陇桥学院
1432,兰州资源环境职业技术大学
1433,兰州资源环境职业技术学院
1905,共青科技职业学院
872,兴义民族师范学院
1610,兴安职业技术学院
751,内江师范学院
307,内蒙古农业大学
1997,内蒙古化工职业学院
618,内蒙古医科大学
1994,内蒙古商贸职业学院
195,内蒙古大学
1411,内蒙古大学创业学院
1534,内蒙古大学鄂尔多斯学院
389,内蒙古工业大学
354,内蒙古师范大学
1875,内蒙古建筑职业技术学院
1811,内蒙古机电职业技术学院
505,内蒙古民族大学
1906,内蒙古电子信息职业技术学院
403,内蒙古科技大学
1238,内蒙古科技大学包头医学院
1359,内蒙古科技大学包头师范学院
703,内蒙古艺术学院
1758,内蒙古警察职业学院
566,内蒙古财经大学
1393,内蒙古鸿德文理学院
896,军事交通学院
339,军事经济学院
897,军械工程学院
814,凯里学院
1745,包头职业技术学院
1877,包头轻工职业技术学院
1928,包头铁道职业技术学院
180,北京中医药大学
1139,北京中医药大学东方学院
61,北京交通大学
62,北京交通大学(威海校区)
1127,北京交通大学海滨学院
122,北京体育大学
415,北京信息科技大学
1674,北京农业职业学院
533,北京农学院
89,北京化工大学
1644,北京北大方正软件职业技术学院
83,北京协和医学院
547,北京印刷学院
1297,北京吉利学院
1023,北京城市学院
92,北京外国语大学
1,北京大学
2,北京大学医学部
131,北京工业大学
420,北京工业大学北京-都柏林国际学院
1542,北京工业大学实验学院
1065,北京工业大学耿丹学院
1571,北京工业大学通州分校
1668,北京工业职业技术学院
305,北京工商大学
1067,北京工商大学嘉华学院
33,北京师范大学
147,北京师范大学-香港浸会大学联合国际学院
189,北京师范大学(珠海)
190,北京师范大学(珠海校区)
395,北京建筑大学
481,北京服装学院
144,北京林业大学
1544,北京民族大学
601,北京物资学院
48,北京理工大学
1292,北京理工大学珠海学院
955,北京电子科技学院
1675,北京电子科技职业学院
146,北京电影学院
1434,北京电影学院现代创意媒体学院
600,北京石油化工学院
1902,北京社会管理职业学院
71,北京科技大学
1871,北京科技大学(延庆)
1099,北京科技大学天津学院
1944,北京科技职业学院
235,北京第二外国语学院
1239,北京第二外国语学院中瑞酒店管理学院
438,北京联合大学
312,北京舞蹈学院
40,北京航空航天大学
1437,北京航空航天大学中法工程师学院
1063,北京航空航天大学北海学院
721,北京警察学院
210,北京语言大学
1780,北京财贸职业学院
86,北京邮电大学
87,北京邮电大学(宏福校区)
1029,北京邮电大学世纪学院
1068,北京金融科技学院
1949,北京青年政治学院
364,北华大学
731,北华航天工业学院
444,北方工业大学
508,北方民族大学
829,北海艺术设计学院
756,北部湾大学
351,华东交通大学
1146,华东交通大学理工学院
47,华东师范大学
272,华东政法大学
78,华东理工大学
73,华中农业大学
63,华中师范大学
21,华中科技大学
225,华侨大学
447,华北水利水电大学
1200,华北水利水电大学乌拉尔学院
414,华北理工大学
1301,华北理工大学冀唐学院
1362,华北理工大学轻工学院
167,华北电力大学
168,华北电力大学(保定)
169,华北电力大学(北京)
1027,华北电力大学科技学院
667,华北科技学院
137,华南农业大学
1418,华南农业大学珠江学院
109,华南师范大学
46,华南理工大学
1370,华南理工大学广州学院
276,南京中医药大学
1013,南京中医药大学翰林学院
1794,南京交通职业技术学院
1056,南京传媒学院
671,南京体育学院
247,南京信息工程大学
1501,南京信息工程大学滨江学院
1594,南京信息职业技术学院
65,南京农业大学
219,南京医科大学
1141,南京医科大学康达学院
17,南京大学
1006,南京大学金陵学院
515,南京审计大学
1016,南京审计大学金审学院
165,南京工业大学
1001,南京工业大学浦江学院
1573,南京工业职业技术大学
1574,南京工业职业技术学院
520,南京工程学院
1493,南京工程学院康尼学院
67,南京师范大学
984,南京师范大学中北学院
1498,南京师范大学人民武装学院
997,南京师范大学泰州学院
908,南京政治学院
650,南京晓庄学院
1494,南京晓庄学院行知学院
254,南京林业大学
1489,南京林业大学南方学院
724,南京森林警察学院
959,南京特殊教育师范学院
66,南京理工大学
1098,南京理工大学泰州科技学院
1470,南京理工大学紫金学院
1695,南京科技职业学院
983,南京经贸职业技术大学
81,南京航空航天大学
1002,南京航空航天大学金城学院
313,南京艺术学院
405,南京财经大学
1014,南京财经大学红山学院
186,南京邮电大学
1024,南京邮电大学通达学院
1828,南京铁道职业技术学院
907,南京陆军指挥学院
1893,南充职业技术学院
388,南华大学
1289,南华大学船山学院
1163,南宁学院
500,南宁师范大学
1522,南宁理工学院
1778,南宁职业技术学院
25,南开大学
1030,南开大学滨海学院
179,南方医科大学
392,南方科技大学
1148,南昌交通学院
1113,南昌医学院
102,南昌大学
1319,南昌大学共青学院
1217,南昌大学科学技术学院
1481,南昌工学院
585,南昌工程学院
885,南昌师范学院
1243,南昌应用技术师范学院
1130,南昌理工学院
359,南昌航空大学
1129,南昌航空大学科技学院
906,南昌陆军学院
353,南通大学
1021,南通大学杏林学院
1523,南通理工学院
1600,南通职业大学
1584,南阳医学高等专科学校
642,南阳师范学院
653,南阳理工学院
991,厦门医学院
1480,厦门华厦学院
36,厦门大学
994,厦门大学嘉庚学院
1272,厦门工学院
551,厦门理工学院
1536,厦门理工学院软件工程学院
727,台州学院
1631,台州职业技术学院
657,右江民族医学院
1525,合肥城市学院
509,合肥学院
95,合肥工业大学
96,合肥工业大学(宣城校区)
621,合肥师范学院
1192,合肥理工学院
1224,合肥经济学院
1298,吉利学院
1909,吉林交通职业技术学院
387,吉林体育学院
329,吉林农业大学
762,吉林农业科技学院
1295,吉林动画学院
564,吉林化工学院
785,吉林医药学院
648,吉林外国语大学
20,吉林大学
1265,吉林大学珠海学院
784,吉林工商学院
714,吉林工程技术师范学院
402,吉林师范大学
1188,吉林师范大学博达学院
570,吉林建筑大学
1546,吉林水利电力职业学院
496,吉林艺术学院
761,吉林警察学院
475,吉林财经大学
494,吉首大学
1406,吉首大学张家界学院
39,同济大学
1025,同济大学浙江学院
895,后勤工程学院
879,吕梁学院
1656,吕梁职业技术学院
824,周口师范学院
1895,周口职业技术学院
836,呼伦贝尔学院
1733,呼伦贝尔职业技术学院
967,呼和浩特民族学院
1380,和兰州石化职业技术学院
1633,和田师范专科学校
1654,咸宁职业技术学院
849,咸阳师范学院
1912,咸阳职业技术学院
554,哈尔滨体育学院
1366,哈尔滨信息工程学院
1388,哈尔滨剑桥学院
198,哈尔滨医科大学
1516,哈尔滨华德学院
380,哈尔滨商业大学
813,哈尔滨学院
30,哈尔滨工业大学
31,哈尔滨工业大学(威海)
32,哈尔滨工业大学(威海校区)
173,哈尔滨工业大学(深圳)
94,哈尔滨工程大学
258,哈尔滨师范大学
1508,哈尔滨广厦学院
267,哈尔滨理工大学
268,哈尔滨理工大学(荣成校区)
1532,哈尔滨理工大学软件学院
1788,哈尔滨电力职业技术学院
1509,哈尔滨石油学院
1667,哈尔滨科学技术职业学院
1425,哈尔滨远东理工学院
758,哈尔滨金融学院
636,哈尔滨音乐学院
768,唐山学院
594,唐山师范学院
1753,唐山职业技术学院
1858,商丘医学高等专科学校
1391,商丘学院
1530,商丘学院应用科技学院
1405,商丘工学院
662,商丘师范学院
1596,商丘职业技术学院
886,商洛学院
786,喀什大学
1167,嘉兴南湖学院
571,嘉兴学院
1168,嘉兴学院南湖学院
1643,嘉兴职业技术学院
715,嘉应学院
1948,四川交通职业技术学院
911,四川传媒学院
220,四川农业大学
519,四川外国语大学
1220,四川外国语大学成都学院
1302,四川外国语大学重庆南方翻译学院
22,四川大学
1132,四川大学锦城学院
1228,四川大学锦江学院
1154,四川工业科技学院
1120,四川工商学院
1996,四川工商职业技术学院
1624,四川工程职业技术学院
273,四川师范大学
1591,四川建筑职业技术学院
1189,四川文化艺术学院
888,四川文理学院
887,四川旅游学院
1851,四川机电职业技术学院
951,四川民族学院
1526,四川电影电视学院
216,四川美术学院
1728,四川职业技术学院
1823,四川航天职业技术学院
1783,四川西南航空职业学院
704,四川警察学院
644,四川轻化工大学
397,四川音乐学院
1537,四川音乐学院成都美术学院
892,国防大学军事文化学院
1032,国防科技大学信息通信学院
236,国际关系学院
528,塔里木大学
8,复旦大学
9,复旦大学上海医学院
10,复旦大学医学院
75,外交学院
612,外国语学院
1665,大同煤炭职业技术学院
757,大庆师范学院
1663,大庆职业学院
581,大理大学
1504,大连东软信息学院
435,大连交通大学
327,大连医科大学
1229,大连医科大学中山学院
204,大连外国语大学
278,大连大学
365,大连工业大学
1414,大连工业大学艺术与信息工程学院
524,大连民族大学
185,大连海事大学
487,大连海洋大学
41,大连理工大学
42,大连理工大学(盘锦校区)
1018,大连理工大学城市学院
1413,大连科技学院
1707,大连职业技术学院
776,大连艺术学院
1225,大连财经学院
739,天水师范学院
281,天津中医药大学
974,天津中德应用技术大学
1868,天津交通职业学院
1000,天津仁爱学院
1235,天津传媒学院
398,天津体育学院
1236,天津体育学院运动与文化艺术学院
1855,天津公安警官职业学院
625,天津农学院
1715,天津医学高等专科学校
197,天津医科大学
1374,天津医科大学临床医学院
464,天津商业大学
1085,天津商业大学宝德学院
572,天津城建大学
384,天津外国语大学
1015,天津外国语大学滨海外事学院
23,天津大学
999,天津大学仁爱学院
1330,天津天狮学院
241,天津工业大学
151,天津师范大学
1075,天津师范大学津沽学院
1691,天津开发区职业技术学院
1759,天津海运职业学院
1725,天津渤海职业技术学院
1551,天津滨海汽车工程职业学院
1986,天津现代职业技术学院
296,天津理工大学
1140,天津理工大学中环信息学院
1714,天津电子信息职业技术学院
293,天津科技大学
423,天津美术学院
1820,天津职业大学
476,天津职业技术师范大学
320,天津财经大学
1237,天津财经大学珠江学院
457,天津音乐学院
848,太原学院
842,太原工业学院
728,太原师范学院
1797,太原旅游职业学院
161,太原理工大学
1199,太原理工大学现代科技学院
463,太原科技大学
1410,太原科技大学华科学院
1605,威海职业学院
1669,娄底职业技术学院
399,宁夏医科大学
306,宁夏大学
1185,宁夏大学新华学院
1890,宁夏工商职业技术学院
690,宁夏师范学院
1791,宁夏建设职业技术学院
1234,宁夏理工学院
1757,宁夏职业技术学院
818,宁德师范学院
1915,宁德职业技术学院
1990,宁波卫生职业技术学院
1813,宁波城市职业技术学院
138,宁波大学
1253,宁波大学科学技术学院
577,宁波工程学院
1614,宁波职业技术学院
162,宁波诺丁汉大学
574,安庆师范大学
1742,安庆职业技术学院
832,安康学院
1500,安徽三联学院
546,安徽中医药大学
1806,安徽中医药高等专科学校
1936,安徽交通职业技术学院
1142,安徽信息工程学院
331,安徽农业大学
1222,安徽农业大学经济技术学院
1964,安徽医学高等专科学校
335,安徽医科大学
1137,安徽医科大学临床医学院
1736,安徽商贸职业技术学院
891,安徽外国语学院
159,安徽大学
1191,安徽大学江淮学院
334,安徽工业大学
1857,安徽工业经济职业技术学院
502,安徽工程大学
1804,安徽工贸职业技术学院
188,安徽师范大学
1230,安徽师范大学皖江学院
412,安徽建筑大学
1524,安徽建筑大学城市建设学院
1175,安徽文达信息工程学院
1299,安徽新华学院
1819,安徽水利水电职业技术学院
342,安徽理工大学
1957,安徽电气工程职业技术学院
630,安徽科技学院
1666,安徽粮食工程职业学院
1618,安徽职业技术学院
1223,安徽衣业大学经济技术学院
363,安徽财经大学
1118,安徽财经大学商学院
1322,安阳学院
810,安阳工学院
631,安阳师范学院
1907,安阳职业技术学院
809,安顺学院
1927,定西师范高等专科学校
718,宜宾学院
773,宜春学院
1744,宜春职业技术学院
746,宝鸡文理学院
1636,宝鸡职业技术学院
841,宿州学院
1496,宿迁学院
142,对外经济贸易大学
439,山东中医药大学
1934,山东中医药高等专科学校
589,山东交通学院
1960,山东交通职业学院
629,山东体育学院
215,山东农业大学
954,山东农业工程学院
1850,山东力明科技职业学院
1935,山东劳动职业技术学院
1637,山东医学高等专科学校
1455,山东华宇工学院
1241,山东协和学院
1953,山东商业职业技术学院
1776,山东商务职业学院
1685,山东圣翰财贸职业学院
34,山东大学
35,山东大学威海分校
858,山东女子学院
526,山东工商学院
766,山东工艺美术学院
203,山东师范大学
437,山东建筑大学
791,山东政法学院
1615,山东水利职业学院
1420,山东现代学院
318,山东理工大学
1708,山东理工职业学院
1604,山东电力高等专科学校
1884,山东畜牧兽医职业学院
1209,山东石油化工学院
228,山东科技大学
1213,山东科技大学泰山科技学院
944,山东管理学院
1982,山东职业学院
1799,山东胜利职业学院
517,山东艺术学院
1157,山东英才学院
876,山东警察学院
355,山东财经大学
1354,山东财经大学东方学院
1904,山东铝业职业学院
790,山东青年政治学院
654,山西中医药大学
843,山西传媒学院
453,山西农业大学
1260,山西农业大学信息学院
480,山西医科大学
1310,山西医科大学晋祠学院
695,山西大同大学
140,山西大学
1071,山西大学商务学院
1337,山西工商学院
1198,山西工学院
973,山西工程技术学院
1072,山西工程科技职业大学
404,山西师范大学
1246,山西师范大学现代文理学院
1527,山西应用科技学院
1270,山西晋中理工学院
1789,山西水利职业技术学院
1885,山西煤炭职业技术学院
1672,山西电力职业技术学院
1830,山西省财政税务专科学校
1409,山西科技学院
1355,山西经济管理干部学院
1853,山西职业技术学院
992,山西能源学院
1261,山西衣业大学信息学院
831,山西警察学院
1829,山西财政税务专科学校
417,山西财经大学
1533,山西财经大学中德学院
1306,山西财经大学华商学院
953,岭南师范学院
1671,岳阳职业技术学院
1856,嵩山少林武术职业学院
652,川北医学院
680,巢湖学院
1995,常州信息职业技术学院
451,常州大学
1064,常州大学怀德学院
679,常州工学院
1951,常州工程职业技术学院
1822,常州纺织服装职业技术学院
1825,常德职业技术学院
707,常熟理工学院
838,平顶山学院
1772,平顶山工业职业技术学院
1368,广东东软学院
516,广东以色列理工学院
1751,广东农工商职业技术学院
582,广东医科大学
1400,广东培正学院
214,广东外语外贸大学
1373,广东外语外贸大学南国商学院
1919,广东岭南职业技术学院
239,广东工业大学
1442,广东工业大学华立学院
1760,广东工贸职业技术学院
490,广东技术师范大学
491,广东技术师范学院
1578,广东新安职业技术学院
1985,广东松山职业技术学院
1683,广东水利电力职业技术学院
1561,广东江门中医药职业学院
534,广东海洋大学
1333,广东海洋大学寸金学院
1385,广东理工学院
1923,广东理工职业学院
1150,广东白云学院
1773,广东省外语艺术职业学院
575,广东石油化工学院
1582,广东科学技术职业学院
1390,广东科技学院
811,广东第二师范学院
1952,广东职业技术学院
569,广东药科大学
742,广东警官学院
479,广东财经大学
1484,广东财经大学华商学院
1577,广东轻工职业技术学院
562,广东金融学院
1832,广东食品药品职业学院
275,广州中医药大学
638,广州体育学院
358,广州医科大学
1485,广州华商学院
1443,广州华立学院
1383,广州南方学院
1389,广州商学院
1369,广州城市理工学院
1710,广州城市职业学院
227,广州大学
1466,广州大学华软软件学院
1482,广州大学松田学院
1387,广州工商学院
1483,广州应用科技学院
1290,广州新华学院
1680,广州番禺职业技术学院
261,广州美术学院
866,广州航海学院
1467,广州软件学院
548,广西中医药大学
1511,广西中医药大学赛恩斯新医药学院
1678,广西交通职业技术学院
1352,广西农业职业技术大学
1353,广西农业职业技术学院
362,广西医科大学
875,广西外国语学院
132,广西大学
1351,广西大学行健文理学院
1562,广西安全工程职业技术学院
1660,广西工业职业技术学院
245,广西师范大学
1304,广西师范大学漓江学院
499,广西师范学院
1658,广西建设职业技术学院
1439,广西教育学院
1587,广西机电职业技术学院
337,广西民族大学
1350,广西民族大学相思湖学院
851,广西民族师范学院
1768,广西水利电力职业技术学院
1932,广西现代职业技术学院
1682,广西理工职业技术学院
1653,广西生态工程职业技术学院
1844,广西电力职业技术学院
563,广西科技大学
1287,广西科技大学鹿山学院
977,广西科技师范学院
1677,广西职业技术学院
700,广西艺术学院
796,广西警察学院
576,广西财经学院
1869,廊坊卫生职业学院
737,廊坊师范学院
1958,廊坊职业技术学院
501,延安大学
1318,延安大学西安创新学院
1810,延安职业技术学院
277,延边大学
1777,延边职业技术学院
1818,开封大学
946,张家口学院
1787,张家口职业技术学院
1407,张家界学院
1495,徐州医学院华方学院
536,徐州医科大学
1699,徐州工业职业技术学院
645,徐州工程学院
1921,徐州生物工程职业技术学院
1962,德宏师范高等专科学校
709,德州学院
1920,德州科技职业学院
1933,德州职业技术学院
772,忻州师范学院
750,怀化学院
1883,怀化职业技术学院
688,惠州学院
1560,惠州工程职业学院
1396,成都东软学院
324,成都中医药大学
446,成都体育学院
461,成都信息工程大学
1320,成都信息工程大学银杏酒店管理学院
732,成都医学院
1219,成都外国语学院
602,成都大学
632,成都工业学院
1790,成都工业职业技术学院
864,成都师范学院
1084,成都文理学院
253,成都理工大学
1031,成都理工大学工程技术学院
1720,成都纺织高等专科学校
1321,成都银杏酒店管理学院
1131,成都锦城学院
426,战略支援部队信息工程大学
425,战略支援部队航天工程大学
152,扬州大学
981,扬州大学广陵学院
1647,扬州工业职业技术学院
1586,扬州市职业大学
708,承德医学院
1722,承德护理职业学院
1588,承德石油高等专科学校
806,攀枝花学院
1212,文华学院
889,文山学院
557,新乡医学院
1363,新乡医学院三全学院
890,新乡学院
1428,新乡工程学院
1703,新乡职业技术学院
882,新余学院
371,新疆农业大学
1276,新疆农业大学科学技术学院
369,新疆医科大学
1078,新疆医科大学厚博学院
1079,新疆医科大学厚荫学院
166,新疆大学
871,新疆工程学院
368,新疆师范大学
1835,新疆师范高等专科学校
1197,新疆政法学院
1887,新疆石河子职业技术学院
1077,新疆第二医学院
555,新疆艺术学院
844,新疆警察学院
553,新疆财经大学
1641,无锡商业职业技术学院
1133,无锡太湖学院
1502,无锡学院
1623,无锡职业技术学院
1807,日照职业技术学院
1567,日照航海工程职业学院
798,昆山杜克大学
1398,昆明传媒学院
1580,昆明冶金高等专科学校
504,昆明医科大学
1277,昆明医科大学海源学院
1249,昆明城市学院
736,昆明学院
1325,昆明文理学院
106,昆明理工大学
1149,昆明理工大学津桥学院
779,昌吉学院
434,星海音乐学院
980,昭通学院
1259,晋中信息学院
805,晋中学院
1743,晋中师范高等专科学校
1896,晋中职业技术学院
952,普洱学院
949,景德镇学院
1316,景德镇艺术职业大学
381,景德镇陶瓷大学
1315,景德镇陶瓷大学科技艺术学院
108,暨南大学
326,曲阜师范大学
692,曲靖师范学院
1566,曹妃甸职业技术学院
1640,朔州师范高等专科学校
1785,朝阳师范高等专科学校
1583,杨凌职业技术学院
970,杭州医学院
265,杭州师范大学
1324,杭州师范大学钱江学院
148,杭州电子科技大学
1218,杭州电子科技大学信息工程学院
1693,杭州科技职业技术学院
1984,松原职业技术学院
823,枣庄学院
1865,枣庄科技职业学院
1930,枣庄职业学院
1288,柳州工学院
1602,柳州职业技术学院
1937,柳州铁道职业技术学院
1107,桂林信息科技学院
620,桂林医学院
1305,桂林学院
1775,桂林师范高等专科学校
965,桂林旅游学院
382,桂林理工大学
1520,桂林理工大学博文管理学院
1521,桂林理工大学荫文管理学院
319,桂林电子科技大学
1106,桂林电子科技大学信息科技学院
1037,桂林空军学院
834,桂林航天工业学院
770,梧州学院
800,楚雄师范学院
808,榆林学院
716,武夷学院
1510,武昌工学院
1506,武昌理工学院
1073,武昌首义学院
1221,武汉东湖学院
1864,武汉交通职业学院
1462,武汉传媒学院
300,武汉体育学院
1468,武汉体育学院体育科技学院
1182,武汉华夏理工学院
869,武汉商学院
1274,武汉城市学院
1769,武汉外语外事职业学院
15,武汉大学
673,武汉学院
1338,武汉工商学院
442,武汉工程大学
1505,武汉工程大学邮电与信息工程学院
1095,武汉工程科技学院
1894,武汉工程职业技术学院
1441,武汉文理学院
1372,武汉晴川学院
1913,武汉民政职业学院
59,武汉理工大学
1375,武汉生物工程学院
1817,武汉电力职业技术学院
233,武汉科技大学
1275,武汉科技大学城市学院
356,武汉纺织大学
1122,武汉纺织大学外经贸学院
1603,武汉职业技术学院
1873,武汉船舶职业技术学院
1294,武汉设计工程学院
1662,武汉软件工程职业学院
433,武汉轻工大学
191,武汉音乐学院
916,武警上海指挥学院
912,武警北京指挥学院
914,武警后勤学院
286,武警工程大学
913,武警广州指挥学院
1045,武警指挥学院
917,武警沈阳指挥学院
440,武警特种警察学院
918,武警石家庄指挥学院
915,武警警官学院
1955,永州职业技术学院
1983,汉中职业技术学院
1436,汉口学院
988,汉江师范学院
248,汕头大学
249,汕头大学医学院
1979,汕头职业技术学院
110,江南大学
593,江汉大学
1440,江汉大学文理学院
1004,江苏农林职业技术大学
1005,江苏农林职业技术学院
995,江苏农牧科技职业大学
996,江苏农牧科技职业学院
1011,江苏医科职业技术大学
1726,江苏医药职业学院
1012,江苏医药职业学院合
1607,江苏城市职业学院
178,江苏大学
1003,江苏大学京江学院
1019,江苏工程职业技术大学
1020,江苏工程职业技术学院
289,江苏师范大学
1507,江苏师范大学科文学院
1617,江苏建筑职业技术学院
1550,江苏旅游职业学院
565,江苏理工学院
1488,江苏理工学院东方学院
1738,江苏电子信息职业学院
408,江苏科技大学
1076,江苏科技大学苏州理工学院
867,江苏第二师范学院
982,江苏经贸职业技术学院
1568,江苏联合职业技术学院
702,江苏警官学院
1847,江苏财经职业技术学院
1862,江苏食品药品职业技术学院
452,江西中医药大学
1112,江西中医药大学科技学院
1897,江西交通职业技术学院
346,江西农业大学
1177,江西农业大学南昌商学院
1848,江西外语外贸职业学院
1874,江西工业职业技术学院
1968,江西工业贸易职业技术学院
1421,江西工程学院
1993,江西工程职业学院
211,江西师范大学
1162,江西师范大学科学技术学院
1349,江西应用科技学院
1752,江西旅游商贸职业学院
1429,江西服装学院
1719,江西机电职业技术学院
1924,江西水利职业学院
1723,江西现代职业技术学院
345,江西理工大学
1170,江西理工大学应用科学学院
1999,江西生物科技职业学院
1575,江西电力职业技术学院
1215,江西科技学院
540,江西科技师范大学
1242,江西科技师范大学理工学院
1639,江西科技职业学院
723,江西警察学院
222,江西财经大学
1093,江西财经大学现代经济管理学院
1735,江西财经职业学院
1901,江门职业技术学院
1946,江阴职业技术学院
865,池州学院
518,沈阳体育学院
295,沈阳农业大学
521,沈阳化工大学
738,沈阳医学院
1233,沈阳城市学院
1187,沈阳城市建设学院
542,沈阳大学
323,沈阳工业大学
1126,沈阳工学院
655,沈阳工程学院
394,沈阳师范大学
372,沈阳建筑大学
522,沈阳理工大学
1469,沈阳科技学院
1649,沈阳职业技术学院
1754,沈阳航空职业技术学院
409,沈阳航空航天大学
373,沈阳药科大学
299,沈阳音乐学院
1128,沧州交通学院
1854,沧州医学高等专科学校
863,沧州师范学院
1446,河北东方学院
802,河北中医学院
1867,河北交通职业技术学院
1281,河北传媒学院
580,河北体育学院
1739,河北公安警察职业学院
271,河北农业大学
1528,河北农业大学现代科技学院
1808,河北化工医药职业技术学院
748,河北北方学院
338,河北医科大学
1348,河北医科大学临床学院
510,河北地质大学
1457,河北地质大学华信学院
611,河北外国语学院
157,河北大学
158,河北大学医学部
1161,河北大学工商学院
232,河北工业大学
1009,河北工业大学城市学院
1328,河北工业职业技术大学
1770,河北工业职业技术学院
531,河北工程大学
1176,河北工程大学科信学院
1419,河北工程技术学院
242,河北师范大学
1267,河北师范大学汇华学院
835,河北建筑工程学院
1840,河北政法职业学院
1802,河北旅游职业学院
855,河北民族师范学院
990,河北水利电力学院
989,河北环境工程学院
1010,河北石油职业技术大学
366,河北科技大学
1329,河北科技大学理工学院
1451,河北科技学院
1026,河北科技工程职业技术大学
639,河北科技师范学院
1538,河北科技师范学院欧美学院
445,河北经贸大学
1258,河北经贸大学经济管理学院
778,河北美术学院
1620,河北轨道运输职业技术学院
711,河北金融学院
413,河南中医药大学
1925,河南交通职业技术学院
243,河南农业大学
1786,河南农业职业学院
759,河南城建学院
133,河南大学
1477,河南大学民生学院
1543,河南大学迈阿密学院
317,河南工业大学
1648,河南工业职业技术学院
958,河南工学院
659,河南工程学院
274,河南师范大学
1403,河南师范大学新联学院
1478,河南开封科技传媒学院
1402,河南教育学院
1914,河南机电职业学院
1564,河南测绘职业学院
613,河南牧业经济学院
294,河南理工大学
218,河南科技大学
539,河南科技学院
1427,河南科技学院新科学院
1826,河南经贸职业学院
1629,河南职业技术学院
701,河南警察学院
971,河南财政金融学院
474,河南财经政法大学
1801,河南质量工程职业学院
957,河套学院
803,河池学院
64,河海大学
712,河西学院
1367,泉州信息工程学院
693,泉州师范学院
767,泰山学院
1702,泰山护理职业学院
1214,泰山科技学院
1943,泰山职业技术学院
859,泰州学院
1784,泰州职业技术学院
617,洛阳师范学院
668,洛阳理工学院
280,济南大学
1144,济南大学泉城学院
661,济宁医学院
857,济宁学院
1846,济宁职业技术学院
1863,济源职业技术学院
573,浙江万里学院
1764,浙江东方职业技术学院
419,浙江中医药大学
1263,浙江中医药大学滨江学院
651,浙江传媒学院
1977,浙江体育职业技术学院
377,浙江农林大学
1069,浙江农林大学暨阳学院
1060,浙江医药高等专科学校
1941,浙江同济科技职业学院
1734,浙江商业职业技术学院
745,浙江外国语学院
6,浙江大学
7,浙江大学医学院
139,浙江工业大学
1100,浙江工业大学之江学院
1619,浙江工业职业技术学院
226,浙江工商大学
1371,浙江工商大学杭州商学院
1651,浙江工商职业技术学院
143,浙江师范大学
1089,浙江师范大学行知学院
1931,浙江建设职业技术学院
1635,浙江旅游职业学院
1712,浙江机电职业技术学院
1171,浙江树人学院
610,浙江水利水电学院
385,浙江海洋大学
1058,浙江海洋大学东海科学技术学院
256,浙江理工大学
1111,浙江理工大学科技与艺术学院
443,浙江科技学院
1749,浙江纺织服装职业技术学院
1059,浙江药科职业大学
1608,浙江警官职业学院
828,浙江警察学院
390,浙江财经大学
1160,浙江财经大学东方学院
1062,浙江越秀外国语学院
1824,浙江长征职业技术学院
874,浙江音乐学院
117,海军军医大学
1038,海军大连舰艇学院
127,海军工程大学
375,海军潜艇学院
893,海军航空大学
894,海军航空工程学院
1547,海南体育职业技术学院
583,海南医学院
230,海南大学
231,海南大学(儋州校区)
1535,海南大学应用科技学院
1989,海南工商职业学院
386,海南师范大学
747,海南热带海洋学院
1378,海口经济学院
1724,淄博师范高等专科学校
1601,淄博职业学院
556,淮北师范大学
1252,淮北师范大学信息学院
1251,淮北理工学院
1706,淮北职业技术学院
783,淮南师范学院
1910,淮南职业技术学院
1737,淮安信息职业技术学院
735,淮阴工学院
1499,淮阴工学院江淮学院
633,淮阴师范学院
1491,淮阴师范学院文通学院
1581,深圳信息职业技术学院
484,深圳北理莫斯科大学
107,深圳大学
962,深圳技术大学
1570,深圳职业技术学院
3,清华大学
5,清华大学医学部
4,清华大学美术学院
1815,清远职业技术学院
450,渤海大学
1652,渤海石油职业学院
1836,渤海船舶职业学院
290,温州医科大学
1174,温州医科大学仁济学院
1327,温州商学院
303,温州大学
1165,温州大学匝江学院
1164,温州大学瓯江学院
1166,温州理工学院
1861,温州科技职业学院
1763,温州职业技术学院
196,温州肯恩大学
769,渭南师范学院
1679,渭南职业技术学院
1689,湖北三峡职业技术学院
493,湖北中医药大学
961,湖北中医药大学生物医药工程学院
726,湖北医药学院
1460,湖北医药学院药护学院
1461,湖北商贸学院
1954,湖北国土资源职业学院
1980,湖北城市建设职业技术学院
244,湖北大学
1293,湖北大学知行学院
328,湖北工业大学
1513,湖北工业大学工程技术学院
1956,湖北工业职业技术学院
592,湖北工程学院
1347,湖北工程学院新技术学院
1987,湖北工程职业学院
606,湖北师范大学
1465,湖北师范大学文理学院
734,湖北文理学院
1512,湖北文理学院理工学院
605,湖北民族大学
660,湖北汽车工业学院
1262,湖北汽车工业学院科技学院
749,湖北理工学院
1966,湖北生物科技职业学院
665,湖北科技学院
683,湖北第二师范学院
604,湖北经济学院
1173,湖北经济学院法商学院
252,湖北美术学院
1606,湖北职业技术学院
722,湖北警官学院
416,湖南中医药大学
1459,湖南中医药大学湘杏学院
1860,湖南中医药高等专科学校
1479,湖南交通工程学院
1740,湖南交通职业技术学院
713,湖南人文科技学院
1805,湖南体育职业学院
1444,湖南信息学院
1747,湖南信息职业技术学院
229,湖南农业大学
1408,湖南农业大学东方科技学院
1646,湖南化工职业技术学院
966,湖南医药学院
666,湖南城市学院
55,湖南大学
837,湖南女子学院
497,湖南工业大学
1464,湖南工业大学科技学院
1597,湖南工业职业技术学院
1621,湖南工商职业学院
684,湖南工学院
623,湖南工程学院
1471,湖南工程学院应用技术学院
98,湖南师范大学
1309,湖南师范大学树达学院
1445,湖南应用技术学院
614,湖南文理学院
1273,湖南文理学院芙蓉学院
1834,湖南机电职业技术学院
1870,湖南民族职业学院
1882,湖南汽车工程职业学院
1360,湖南涉外经济学院
1625,湖南环境生物职业技术学院
587,湖南理工学院
1296,湖南理工学院南湖学院
1816,湖南生物机电职业技术学院
315,湖南科技大学
1311,湖南科技大学潇湘学院
646,湖南科技学院
1827,湖南科技职业学院
782,湖南第一师范学院
730,湖南警察学院
687,湖南财政经济学院
1947,湖南铁道职业技术学院
1105,湖州学院
537,湖州师范学院
1104,湖州师范学院求真学院
1676,湖州职业技术学院
1559,湘中幼儿师范高等专科学校
793,湘南学院
1761,湘潭医卫职业技术学院
170,湘潭大学
1280,湘潭大学兴湘学院
1950,湘西民族职业技术学院
1334,湛江科技学院
681,滁州学院
1876,滁州职业技术学院
1178,滇池学院
986,滇西应用技术大学
968,滇西科技师范学院
706,滨州医学院
678,滨州学院
1598,滨州职业学院
1590,漯河医学高等专科学校
1697,漯河职业技术学院
1978,漳州卫生职业学院
1634,漳州职业技术学院
656,潍坊医学院
729,潍坊学院
1918,潍坊工程职业学院
1159,潍坊科技学院
1630,潍坊职业学院
234,澳门城市大学
72,澳门大学
1094,澳门旅游学院
628,澳门理工学院
171,澳门科技大学
1314,澳门镜湖护理学院
1563,濮阳医学高等专科学校
1657,濮阳职业技术学院
206,火箭军工程大学
1282,烟台南山学院
344,烟台大学
1448,烟台大学文经学院
1645,烟台工程职业技术学院
1449,烟台理工学院
1145,烟台科技学院
1592,烟台职业学院
1670,焦作大学
1713,焦作师范高等专科学校
1181,燕京理工学院
134,燕山大学
1143,燕山大学里仁学院
689,牡丹江医学院
1134,牡丹江大学
641,牡丹江师范学院
795,玉林师范学院
774,玉溪师范学院
1266,珠海科技学院
125,理工大学
972,琼台师范学院
619,甘肃中医药大学
396,甘肃农业大学
976,甘肃医学院
1756,甘肃有色冶金职业技术学院
801,甘肃民族师范学院
1900,甘肃畜牧工程职业技术学院
1379,甘肃能源化工职业学院
53,电子科技大学
54,电子科技大学(沙河校区)
1086,电子科技大学中山学院
1207,电子科技大学成都学院
705,白城师范学院
1939,白银矿冶职业技术学院
754,百色学院
663,皖南医学院
1017,皖江工学院
696,皖西学院
591,盐城工学院
1487,盐城工学院博雅学院
598,盐城师范学院
1492,盐城师范学院黄海学院
1269,石家庄信息工程职业学院
1798,石家庄医学高等专科学校
840,石家庄学院
1268,石家庄工程职业技术大学
1698,石家庄幼儿师范高等专科学校
1965,石家庄理工职业学院
1938,石家庄科技信息职业学院
1585,石家庄经济职业学院
1664,石家庄职业技术学院
1892,石家庄财经职业学院
1852,石家庄邮电职业技术学院
1903,石家庄铁路职业技术学院
376,石家庄铁道大学
1205,石家庄铁道大学四方学院
910,石家庄陆军指挥学院
255,石河子大学
1196,石河子大学科技学院
1558,福州墨尔本理工职业学院
1426,福州外语外贸学院
130,福州大学
1211,福州大学至诚学院
1317,福州理工学院
1916,福州职业技术学院
488,福建中医药大学
1771,福建信息职业技术学院
187,福建农林大学
1361,福建农林大学金山学院
407,福建医科大学
975,福建商学院
512,福建工程学院
124,福建师范大学
1475,福建师范大学协和学院
1456,福建教育学院
733,福建江夏学院
743,福建警察学院
1872,科尔沁艺术职业学院
1748,秦皇岛职业技术学院
120,空军军医大学
1042,空军哈尔滨飞行学院
174,空军工程大学
898,空军工程大学航空机务士官学校
902,空军指挥学院
899,空军石家庄飞行学院
285,空军航空大学
900,空军西安飞行学院
901,空军预警学院
116,第二军医大学
119,第四军医大学
846,红河学院
541,绍兴文理学院
1153,绍兴文理学院元培学院
624,绥化学院
1394,绵阳城市学院
765,绵阳师范学院
1838,绵阳职业技术学院
432,聊城大学
1278,聊城大学东昌学院
1843,聊城职业技术学院
698,肇庆学院
1231,芜湖学院
1659,芜湖职业技术学院
1841,苏州农业职业技术学院
1033,苏州城市学院
85,苏州大学
998,苏州大学应用技术学院
1034,苏州大学文正学院
1998,苏州托普信息职业技术学院
529,苏州科技大学
1088,苏州科技大学天平学院
1622,苏州经贸职业技术学院
744,茅台学院
1342,荆州学院
1972,荆州理工职业学院
1732,荆州职业技术学院
878,荆楚理工学院
691,莆田学院
1684,莱芜职业技术学院
1833,菏泽医学专科学校
877,菏泽学院
880,萍乡学院
883,营口理工学院
1392,蒙古师范大学鸿德学院
677,蚌埠医学院
862,蚌埠学院
1119,蚌埠工商学院
856,衡水学院
622,衡阳师范学院
1458,衡阳师范学院南岳学院
819,衢州学院
431,装备学院
943,装甲兵技术学院
1976,襄阳汽车职业技术学院
1595,襄阳职业技术学院
163,西交利物浦大学
1473,西京学院
84,西北农林科技大学
77,西北大学
1497,西北大学现代学院
49,西北工业大学
1313,西北工业大学明德学院
209,西北师范大学
1382,西北师范大学知行学院
410,西北政法大学
348,西北民族大学
454,西华大学
465,西华师范大学
60,西南交通大学
1201,西南交通大学希望学院
597,西南医科大学
57,西南大学
58,西南大学(荣昌校区)
199,西南政法大学
532,西南林业大学
297,西南民族大学
309,西南石油大学
367,西南科技大学
1395,西南科技大学城市学院
145,西南财经大学
1216,西南财经大学天府学院
1556,西宁城市职业技术学院
26,西安交通大学
1101,西安交通大学城市学院
1452,西安交通工程学院
599,西安体育学院
717,西安医学院
1227,西安培华学院
1190,西安外事学院
568,西安外国语大学
485,西安工业大学
1116,西安工商学院
477,西安工程大学
221,西安建筑科技大学
1117,西安建筑科技大学华清学院
1474,西安思源学院
771,西安文理学院
1312,西安明德理工学院
1204,西安欧亚学院
259,西安理工大学
1386,西安理工大学高科学院
1898,西安电力高等专科学校
70,西安电子科技大学
1356,西安电子科技大学长安学院
418,西安石油大学
333,西安科技大学
1240,西安科技大学高新学院
470,西安美术学院
1152,西安翻译学院
740,西安航空学院
1701,西安航空职业技术学院
595,西安财经大学
596,西安财经学院
919,西安通信学院
486,西安邮电大学
1692,西安铁路职业技术学院
544,西安音乐学院
870,西昌学院
301,西湖大学
993,西藏农牧学院
357,西藏大学
506,西藏民族大学
821,西藏藏医药大学
421,解放军信息工程大学
1039,解放军电子工程学院
1041,解放军镇江船艇学院
1040,解放军陆军航空兵学院
697,许昌学院
1991,许昌电气职业学院
1721,许昌职业技术学院
979,豫章师范学院
1552,贵州健康职业学院
514,贵州医科大学
1279,贵州医科大学神奇民族医药学院
969,贵州商学院
194,贵州大学
1195,贵州大学明德学院
1357,贵州大学科技学院
956,贵州工程应用技术学院
350,贵州师范大学
725,贵州师范学院
1557,贵州护理职业技术学院
467,贵州民族大学
1286,贵州民族大学人文科技学院
812,贵州理工学院
1886,贵州电力职业技术学院
1553,贵州经贸职业技术学院
1555,贵州装备制造职业学院
853,贵州警官职业学院
852,贵州警察学院
513,贵州财经大学
1514,贵州财经大学商务学院
1879,贵州轻工职业技术学院
1554,贵州食品工程职业学院
1358,贵州黔南科技学院
1515,贵州黔南经济学院
1285,贵阳人文科技学院
1194,贵阳信息科技学院
833,贵阳学院
760,贺州学院
1097,赣东学院
781,赣南医学院
473,赣南师范大学
1092,赣南师范大学科技学院
1169,赣南科技学院
780,赤峰学院
1627,赤峰工业职业技术学院
787,辽东学院
468,辽宁中医药大学
1415,辽宁中医药大学杏林学院
830,辽宁传媒学院
1486,辽宁何氏医学院
1694,辽宁冶金职业技术学院
160,辽宁大学
1110,辽宁对外经贸学院
511,辽宁工业大学
310,辽宁工程技术大学
1945,辽宁工程职业学院
298,辽宁师范大学
1422,辽宁师范大学海华学院
1765,辽宁建筑职业学院
1335,辽宁理工学院
1803,辽宁省交通高等专科学校
482,辽宁石油化工大学
1264,辽宁石油化工大学顺华能源学院
462,辽宁科技大学
817,辽宁科技学院
825,辽宁警察学院
1412,辽宁财贸学院
1704,辽河石油职业技术学院
775,运城学院
1613,运城师范高等专科学校
1821,运城幼儿师范高等专科学校
1632,连云港师范高等专科学校
1711,连云港职业技术学院
807,通化师范学院
560,遵义医学院
558,遵义医科大学
559,遵义医科大学(珠海校区)
1180,遵义医科大学医学与科技学院
1845,遵义医药高等专科学校
720,遵义师范学院
1766,邢台医学高等专科学校
945,邢台学院
1028,邢台职业技术学院
854,邯郸学院
1779,邯郸职业技术学院
1750,邵阳医学高等专科学校
669,邵阳学院
1878,郑州信息工程职业学院
1364,郑州升达经贸管理学院
74,郑州大学
637,郑州大学体育学院
1307,郑州工业应用技术学院
1158,郑州工商学院
963,郑州工程技术学院
850,郑州师范学院
1981,郑州澍青医学高等专科学校
1973,郑州电力高等专科学校
1453,郑州科技学院
1340,郑州经贸学院
1889,郑州职业技术学院
626,郑州航空工业管理学院
1430,郑州财经学院
448,郑州轻工业大学
449,郑州轻工业学院
1121,郑州轻工业学院易斯顿国际美术学院
1718,郑州铁路职业技术学院
987,鄂尔多斯应用技术学院
1963,鄂尔多斯生态环境职业学院
1673,鄂州职业大学
1809,重庆三峡医药高等专科学校
719,重庆三峡学院
1929,重庆三峡职业学院
302,重庆交通大学
1447,重庆人文科技学院
1837,重庆信息技术职业学院
257,重庆医科大学
1792,重庆医药高等专科学校
1539,重庆城市科技学院
1729,重庆城市管理职业学院
1303,重庆外语外事学院
50,重庆大学
1540,重庆大学城市科技学院
1541,重庆大学艺术学院
1247,重庆对外经贸学院
1626,重庆工业职业技术学院
379,重庆工商大学
1336,重庆工商大学派斯学院
1109,重庆工商大学融智学院
1731,重庆工商职业学院
1463,重庆工程学院
1642,重庆工程职业技术学院
1899,重庆工贸职业技术学院
330,重庆师范大学
1248,重庆师范大学涉外商贸学院
586,重庆文理学院
455,重庆理工大学
1589,重庆电子工程职业学院
561,重庆科技学院
1090,重庆移通学院
873,重庆第二师范学院
884,重庆警察学院
1108,重庆财经学院
942,重庆通信学院
260,重庆邮电大学
1091,重庆邮电大学移通学院
1579,金华职业技术学院
607,金陵科技学院
1147,金陵科技学院龙蟠学院
1767,铁岭师范高等专科学校
827,铁道警察学院
881,铜仁学院
1812,铜仁职业技术学院
792,铜陵学院
1283,银川科技学院
1339,银川能源学院
1638,锡林郭勒职业学院
550,锦州医科大学
1232,锦州医科大学医疗学院
1988,锦州师范高等专科学校
1661,镇江市高等专科学校
91,长安大学
1529,长安大学兴华学院
1967,长春东方职业学院
478,长春中医药大学
1124,长春人文学院
1548,长春健康职业学院
1081,长春光华学院
495,长春大学
1256,长春大学旅游学院
374,长春工业大学
1074,长春工业大学人文信息学院
658,长春工程学院
579,长春师范大学
1476,长春建筑学院
269,长春理工大学
1136,长春理工大学光电信息学院
1135,长春电子科技学院
1125,长春科技学院
1609,长春职业技术学院
1138,长春财经学院
311,长江大学
1343,长江大学工程技术学院
1344,长江大学文理学院
670,长江师范学院
1612,长江职业学院
1545,长江艺术工程职业学院
1172,长沙医学院
685,长沙学院
860,长沙师范学院
1593,长沙民政职业技术学院
1911,长沙环境保护职业技术学院
192,长沙理工大学
1208,长沙理工大学城南学院
1774,长沙航空职业技术学院
752,长治医学院
861,长治学院
608,闽南师范大学
1518,闽南理工学院
634,闽江学院
1746,阜阳职业技术学院
710,防灾科技学院
1308,阳光学院
964,阿坝师范学院
1880,阿拉善职业技术学院
469,陆军军事交通学院
111,陆军军医大学
905,陆军军官学院
340,陆军勤务学院
904,陆军步兵学院
1044,陆军炮兵防空兵学院
456,陆军特种作战学院
422,陆军装甲兵学院
903,陆军边海防学院
1043,陆军防化学院
788,陇东学院
1730,陇南师范高等专科学校
590,陕西中医药大学
1959,陕西交通职业技术学院
1655,陕西国防工业职业技术学院
1156,陕西国际商贸学院
948,陕西学前师范学院
1572,陕西工业职业技术学院
112,陕西师范大学
1450,陕西服装工程学院
675,陕西理工大学
332,陕西科技大学
1438,陕西科技大学镐京学院
1971,陕西经济管理职业技术学院
1616,陕西职业技术学院
1942,陕西能源职业技术学院
1917,陕西铁路工程职业技术学院
763,集宁师范学院
352,集美大学
1087,集美大学诚毅学院
489,青岛农业大学
1114,青岛农业大学海都学院
1102,青岛城市学院
217,青岛大学
1323,青岛工学院
1401,青岛恒星科技学院
1688,青岛求实职业技术学院
1202,青岛滨海学院
360,青岛理工大学
361,青岛理工大学(临沂校区)
1103,青岛理工大学琴岛学院
1435,青岛电影学院
263,青岛科技大学
264,青岛科技大学(高密校区)
1970,青岛远洋船员职业学院
1346,青岛黄海学院
411,青海大学
1226,青海大学昆仑学院
460,青海师范大学
466,青海民族大学
799,鞍山师范学院
682,韩山师范学院
635,韶关学院
1576,顺德职业技术学院
393,首都体育学院
155,首都医科大学
113,首都师范大学
1186,首都师范大学科德学院
262,首都经济贸易大学
1569,首都经济贸易大学密云分校
978,首钢工学院
43,香港中文大学
424,香港公开大学
207,香港城市大学
27,香港大学
1008,香港岭南大学
314,香港教育大学
237,香港树仁大学
251,香港浸会大学
238,香港演艺学院
223,香港理工大学
164,香港科技大学
1300,马鞍山学院
1849,马鞍山职业技术学院
391,鲁东大学
240,鲁迅美术学院
1650,鹤壁职业技术学院
1888,鹤岗师范高等专科学校
640,黄冈师范学院
1681,黄冈职业技术学院
615,黄山学院
1424,黄河交通学院
1842,黄河水利职业技术学院
1155,黄河科技学院
647,黄淮学院
1687,黎明职业大学
804,黑河学院
1376,黑龙江东方学院
343,黑龙江中医药大学
525,黑龙江八一农垦大学
1908,黑龙江农业工程职业学院
1796,黑龙江农业经济职业学院
1781,黑龙江农垦科技职业学院
1795,黑龙江农垦职业学院
797,黑龙江外国语学院
177,黑龙江大学
1531,黑龙江大学软件学院
845,黑龙江工业学院
1423,黑龙江工商学院
549,黑龙江工程学院
1417,黑龙江工程学院昆仑旅游学院
1762,黑龙江建筑职业技术学院
1891,黑龙江生物科技职业学院
1365,黑龙江省教育学院
492,黑龙江科技大学
1800,黑龙江职业学院
1193,黑龙江财经学院
1969,黔东南民族职业技术学院
1866,黔南民族医学高等专科学校
839,黔南民族师范学院
1472,齐鲁医药学院
201,齐鲁工业大学
202,齐鲁工业大学(菏泽校区)
868,齐鲁师范学院
1203,齐鲁理工学院
789,齐齐哈尔医学院
436,齐齐哈尔大学
1022,齐齐哈尔工程学院
1700,齐齐哈尔高等师范专科学校
764,龙岩学院
